,Neighborhood,Neighborhood Latitude,Neighborhood Longitude,Venue ID,Venue,lats,lngs,Venue Category,Count,Rating0,Co-op City,40.87429419,-73.82993911,4be2b79d660ec9284d04ca3b,Townhouse Restaurant,40.87608589,-73.82886815,Restaurant,5,5.81,Eastchester,40.88755568,-73.82780645,4c406f2e6c1a9521a042b96a,McDonald's,40.88563631,-73.82683956,Burger Joint,10,62,Kingsbridge,40.88168737,-73.90281799,55568a71498e3524400a356e,Smashburger,40.88422085,-73.90033255,Burger Joint,8,8.43,Kingsbridge,40.88168737,-73.90281799,4b3789f3f964a520f34125e3,Riverdale Diner,40.88518285,-73.89948352,Diner,52,7.84,Kingsbridge,40.88168737,-73.90281799,4b9c9c6af964a520b27236e3,Land & Sea Restaurant,40.87788463,-73.90587282,Seafood Restaurant,19,7.75,Kingsbridge,40.88168737,-73.90281799,4b9c9c6af964a520b27236e3,Land & Sea Restaurant,40.87788463,-73.90587282,Seafood Restaurant,19,7.76,Kingsbridge,40.88168737,-73.90281799,59b17fe23b4e0043787e1a7c,The Bronx Public,40.87837659,-73.90348117,Pub,6,8.77,Marble Hill,40.87655078,-73.91065966,4b5e451cf964a520f58629e3,Applebee's Grill + Bar,40.87368548,-73.90892769,American Restaurant,46,5.48,Woodlawn,40.89827261,-73.86731497,46212cb5f964a5208d451fe3,Rambling House,40.89843924,-73.86719658,Pub,35,8.39,Norwood,40.87722416,-73.87939074,4bb626e0f562ef3b2fb32f97,Sal's Pizzeria,40.87526935,-73.87956261,Pizza Place,11,7.910,Norwood,40.87722416,-73.87939074,4c6d5ce5e6b7b1f7af76a98e,Nicky's Coffee Shop,40.87493279,-73.87940405,Coffee Shop,11,7.811,Baychester,40.86685811,-73.8357976,4ac18d7ff964a5207a9720e3,TGI Fridays,40.86318918,-73.83380672,American Restaurant,55,5.912,City Island,40.8472467,-73.78648845,4b87d10cf964a5206ecd31e3,City Island Diner,40.84723783,-73.78624489,Diner,7,7.913,City Island,40.8472467,-73.78648845,4b6f7528f964a5205ff12ce3,The Snug,40.84719881,-73.78646581,Bar,5,6.514,Bedford Park,40.87018516,-73.88551218,4b171e79f964a5209cc223e3,Webster Cafe,40.86728999,-73.88361948,Diner,4,7.515,Bedford Park,40.87018516,-73.88551218,4baedf9ff964a520c0de3be3,Bedford Cafe Restaurant,40.87341387,-73.88919548,Diner,23,7.316,Fordham,40.8609968,-73.89642656,56819cbf498e3605c5fbab32,Checkers,40.862609,-73.901955,Burger Joint,2,7.317,Fordham,40.8609968,-73.89642656,4b954545f964a5203c9934e3,Fordham Restaurant,40.86273353,-73.89677774,Diner,6,7.318,Fordham,40.8609968,-73.89642656,4be332072fc7d13a2281083a,Burger King,40.86258428,-73.89618069,Fast Food Restaurant,4,5.819,Fordham,40.8609968,-73.89642656,4c8801830f3c236a2d4bef5c,Gyro King,40.8623237,-73.90042696,Greek Restaurant,13,6.120,Fordham,40.8609968,-73.89642656,4c0140ba94c1c9b667f8ba5f,McDonald's,40.861685,-73.892471,Fast Food Restaurant,6,5.721,Fordham,40.8609968,-73.89642656,4adba246f964a520962921e3,Applebee's Grill + Bar,40.86014004,-73.89111321,American Restaurant,33,5.522,Fordham,40.8609968,-73.89642656,4adba246f964a520962921e3,Applebee's Grill + Bar,40.86014004,-73.89111321,American Restaurant,33,5.523,East Tremont,40.84269616,-73.88735618,4d39a9bacc48224b57ae354f,North Star Cafe,40.84333559,-73.88698195,Caf’©,21,8.424,East Tremont,40.84269616,-73.88735618,559585a6498e27a432a3d616,Checkers,40.8453844,-73.89061376,Burger Joint,0,6.225,High  Bridge,40.83662301,-73.92610209,515316ebe4b04c8e5fb65eb8,Checkers,40.83605933,-73.9228794,Burger Joint,0,6.126,Melrose,40.81975437,-73.90942161,4fa534cee4b0fed4819dc7d4,Perry Coffee Shop.,40.82343312,-73.91093964,Diner,7,7.527,Mott Haven,40.80623875,-73.91609987,57f4356d498e9b6bbc8a44f8,Milk Burger,40.803607,-73.919885,Burger Joint,0,7.628,Morrisania,40.82359199,-73.90150649,4bd7661835aad13ac3cf8ef3,White Castle,40.82196577,-73.89745368,Burger Joint,6,6.229,Soundview,40.8210122,-73.8657461,4b674194f964a5202f442be3,Jimbo's,40.8233616,-73.86814504,Breakfast Spot,13,7.530,Throgs Neck,40.81510926,-73.81635002,4bf471c198ac0f47190664a8,Muscle Maker Grill,40.81939123,-73.81729768,American Restaurant,18,9.131,Throgs Neck,40.81510926,-73.81635002,4bf471c198ac0f47190664a8,Muscle Maker Grill,40.81939123,-73.81729768,American Restaurant,18,9.132,Parkchester,40.83793782,-73.85600311,4cb8d3154352a1cd5a9988f5,Burger King,40.8375732,-73.8600513,Fast Food Restaurant,14,4.933,Westchester Square,40.8406195,-73.84219408,4b914c8ff964a5200eb133e3,Wendy's,40.8428998,-73.84535953,Burger Joint,4,7.834,Westchester Square,40.8406195,-73.84219408,4b64a9fff964a520b1c62ae3,White Castle,40.84028716,-73.84129308,Burger Joint,6,6.835,Westchester Square,40.8406195,-73.84219408,4d5f3bc6196ba093879f0b56,McDermott's Pub,40.84274284,-73.84602839,Pub,12,7.736,Westchester Square,40.8406195,-73.84219408,4b6a0d33f964a5205dc42be3,Tremont Diner,40.84005058,-73.83729838,Diner,20,7.637,Van Nest,40.84360847,-73.86629918,4bafc2f1f964a520a31e3ce3,Anthony's Pizza,40.84526933,-73.86609973,Pizza Place,5,7.238,Morris Park,40.84754906,-73.85040178,522b97a411d299ee4a3a10ca,Burger Time,40.84928804,-73.85358477,Burger Joint,9,839,Morris Park,40.84754906,-73.85040178,50180a6be4b0d405ec6454ea,The Stand,40.84886769,-73.85450261,Burger Joint,19,6.640,Belmont,40.8572771,-73.88845196,4c3d6ba2933b0f47326ae521,White Castle,40.85900319,-73.88649446,Burger Joint,16,7.841,Belmont,40.8572771,-73.88845196,4a73de62f964a5208fdd1fe3,Howl At The Moon,40.85757293,-73.88644395,Piano Bar,13,6.442,North Riverdale,40.90854283,-73.90453055,4a9ae4fdf964a520723320e3,Riverdale Steakhouse,40.90669106,-73.90404852,Burger Joint,11,7.443,Schuylerville,40.82657952,-73.82620276,4f2e27bee4b010c5f6982ad7,Brewski's Bar & Grill,40.82664104,-73.82248599,Bar,14,8.344,Edgewater Park,40.82198612,-73.81388514,4b5a3c87f964a5207fb628e3,The Wicked Wolf,40.81968771,-73.81735925,Pub,19,7.645,Bay Ridge,40.62580107,-74.03062069,4a9880f5f964a520692c20e3,The Kettle Black,40.6228391,-74.03141082,Bar,46,7.946,Bay Ridge,40.62580107,-74.03062069,4a9f1f91f964a5209b3c20e3,Cebu' Bar & Bistro,40.62181234,-74.03172699,New American Restaurant,61,7.747,Bay Ridge,40.62580107,-74.03062069,52e414ea498efa7a2abe118c,Wendy's,40.62230603,-74.02795896,Burger Joint,1,6.248,Bay Ridge,40.62580107,-74.03062069,4a9892a0f964a520be2c20e3,Cappuccino Cafe,40.62951041,-74.02853892,American Restaurant,10,6.249,Greenpoint,40.73020098,-73.95424093,561eef16498e73af804a6752,Barley,40.73391857,-73.95494308,Burger Joint,16,7.650,Greenpoint,40.73020098,-73.95424093,5285412911d2a3e51484ff56,The Brew Inn,40.731031,-73.954191,Gastropub,26,851,Greenpoint,40.73020098,-73.95424093,4a5a78f1f964a52064ba1fe3,Anella,40.73327192,-73.95801949,American Restaurant,142,8.852,Greenpoint,40.73020098,-73.95424093,46869096f964a52048481fe3,Black Rabbit,40.73005702,-73.95658766,Bar,78,8.553,Greenpoint,40.73020098,-73.95424093,57dc9cf9498e9b5df967d6c2,21 Greenpoint,40.72973145,-73.95989264,Bar,27,854,Greenpoint,40.73020098,-73.95424093,5ae25347fd16bb002cf0c3f2,Elder Greene,40.73062111,-73.95769664,Bar,8,8.655,Greenpoint,40.73020098,-73.95424093,5ad7c4224febd54bc97c5c47,Pelicana Chicken,40.73145241,-73.95450967,Fried Chicken Joint,15,8.456,Greenpoint,40.73020098,-73.95424093,54283abd498e920cadc9692d,Slick Willie,40.72826009,-73.94946277,American Restaurant,12,6.957,Greenpoint,40.73020098,-73.95424093,4bcf1883c564ef3ba33beff0,Le Gamin,40.7282801,-73.95733511,French Restaurant,72,858,Greenpoint,40.73020098,-73.95424093,4a685faff964a52062ca1fe3,McDonald's,40.730389,-73.954109,Fast Food Restaurant,24,5.359,Greenpoint,40.73020098,-73.95424093,4d1f7a7a8629224bb46a0b87,Garden Spot Cafe,40.73342101,-73.95820729,American Restaurant,7,5.660,Greenpoint,40.73020098,-73.95424093,54a888e6498ef4dcbc458f1f,Hook & Cleaver,40.72979132,-73.95827998,Steakhouse,4,5.761,Brighton Beach,40.57682507,-73.96509449,56282e90498e9159a2f3c807,Wendy's,40.5778831,-73.9608375,Burger Joint,1,6.562,Sheepshead Bay,40.58689013,-73.9431864,4606214ef964a520c6441fe3,Roll N Roaster,40.58414346,-73.9395554,Sandwich Place,142,963,Sheepshead Bay,40.58689013,-73.9431864,4bb9004d1261d13ae934e998,Dessert Palace,40.58383257,-73.94425973,Burger Joint,9,7.264,Sheepshead Bay,40.58689013,-73.9431864,4b480401f964a520614626e3,Applebee's Grill + Bar,40.58388785,-73.94323487,American Restaurant,23,6.565,Sheepshead Bay,40.58689013,-73.9431864,4b7ae0bff964a52017432fe3,Kouros Bay Diner,40.58976071,-73.93971283,Diner,13,6.966,Crown Heights,40.67082918,-73.94329119,54cfdb36498e33e73a5d67b5,Boeuf & Bun,40.67046513,-73.94211272,Burger Joint,15,6.767,Crown Heights,40.67082918,-73.94329119,49f8fd61f964a520476d1fe3,Mendy's Crown Heights,40.66895206,-73.94219624,Burger Joint,6,6.568,Kensington,40.64238196,-73.98042111,528c27fd11d279a61b01496c,Brooklyn Comfort,40.64359091,-73.97758609,Restaurant,9,6.269,Windsor Terrace,40.65694584,-73.9800734,4a7c3df8f964a5200bec1fe3,The Double Windsor,40.66052504,-73.98028177,Bar,164,8.970,Windsor Terrace,40.65694584,-73.9800734,5361a097498e40a31baa411c,Krupa Grocery,40.65995717,-73.9806957,American Restaurant,46,8.571,Windsor Terrace,40.65694584,-73.9800734,4a1099f5f964a520e5761fe3,Rhythm & Booze,40.65759122,-73.97957961,Sports Bar,29,6.572,Prospect Heights,40.67682226,-73.96485924,4a6c86e5f964a520b8d01fe3,Tom's Restaurant,40.67453698,-73.96321632,Burger Joint,283,8.473,Prospect Heights,40.67682226,-73.96485924,50d5e0fce4b01e0c6330f7a1,Sunshine Co.,40.6746725,-73.96332179,American Restaurant,79,7.974,Prospect Heights,40.67682226,-73.96485924,4bf721834a67c928eb2123cf,Branded Saloon,40.67939406,-73.96816545,Whisky Bar,69,7.375,Prospect Heights,40.67682226,-73.96485924,4075e780f964a52056f21ee3,Soda Bar,40.67831608,-73.9685939,Bar,115,7.576,Prospect Heights,40.67682226,-73.96485924,5a1cc6a0e179105d3a0670e0,MeMeŠ—Ès Diner,40.67767949,-73.96374983,American Restaurant,23,7.677,Prospect Heights,40.67682226,-73.96485924,4adcc0a7f964a520702f21e3,The Vanderbilt,40.67951778,-73.96836851,American Restaurant,141,778,Prospect Heights,40.67682226,-73.96485924,4b93f1bdf964a520c25b34e3,Penny House Cafe,40.67610945,-73.96342292,Coffee Shop,44,6.679,Prospect Heights,40.67682226,-73.96485924,4a298f27f964a520a7951fe3,Cafe Shane on Washington,40.67416731,-73.96311114,Breakfast Spot,41,6.280,Prospect Heights,40.67682226,-73.96485924,4e738451ae6050af79ebf95b,Neptune Diner II,40.67657388,-73.95926266,Diner,36,5.981,Brownsville,40.66394994,-73.91023536,5902b03f8c812a4130407b8d,Checkers,40.66321631,-73.90933962,Burger Joint,0,6.282,Williamsburg,40.70714439,-73.95811529,4ffe3889e4b01d5de4d4a81a,Blue Collar,40.71135772,-73.95771848,Burger Joint,106,8.183,Williamsburg,40.70714439,-73.95811529,4ffe3889e4b01d5de4d4a81a,Blue Collar,40.71135772,-73.95771848,Burger Joint,106,8.184,Williamsburg,40.70714439,-73.95811529,48a1f340f964a5208e511fe3,Trophy Bar,40.70776759,-73.95578164,Bar,93,8.685,Williamsburg,40.70714439,-73.95811529,3fd66200f964a5209beb1ee3,Peter Luger Steak House,40.70995791,-73.96229111,Steakhouse,671,8.886,Williamsburg,40.70714439,-73.95811529,4c9bd1140313370443af4fd5,Checkers,40.70883845,-73.95864531,Burger Joint,16,5.887,Williamsburg,40.70714439,-73.95811529,4d33b71c2c76a1434f2f7ec7,Zamaan Hookah Bar and Lounge,40.70784742,-73.9558119,Hookah Bar,31,6.288,Bushwick,40.69811611,-73.92525797,53d8078c498ec85537d3df4a,Alphaville,40.70065557,-73.92571112,Bar,28,8.689,Bushwick,40.69811611,-73.92525797,534d916e498e45d9c44e6d0a,The Wheelhouse,40.69999698,-73.9244007,Sandwich Place,29,8.690,Bushwick,40.69811611,-73.92525797,4db9e32e0cb65435c5202dd4,OMG Pizza,40.6981512,-73.92545195,Pizza Place,18,6.391,Bushwick,40.69811611,-73.92525797,4f9c021ae4b0d2a3a901a018,Terry's Cafe & Grill,40.69572657,-73.92974543,Diner,7,6.392,Bedford Stuyvesant,40.68723161,-73.94178489,4b9ec1b5f964a5205dff36e3,Peaches HotHouse,40.68333097,-73.94385322,Fried Chicken Joint,241,8.893,Brooklyn Heights,40.69586372,-73.99378225,464c2546f964a520b4461fe3,Five Guys,40.69464578,-73.99381927,Burger Joint,30,7.694,Brooklyn Heights,40.69586372,-73.99378225,5720f0d3498e1984b627e7d7,B.GOOD,40.6946967,-73.99380026,Fast Food Restaurant,17,7.595,Brooklyn Heights,40.69586372,-73.99378225,49f3261bf964a520696a1fe3,Clark's Restaurant,40.69753294,-73.99304352,Diner,90,8.196,Brooklyn Heights,40.69586372,-73.99378225,4471bf9af964a5209c331fe3,Jack the Horse Tavern,40.69993967,-73.99363891,American Restaurant,88,8.497,Brooklyn Heights,40.69586372,-73.99378225,3fd66200f964a52057ee1ee3,Heights Cafe,40.69520082,-73.99589276,American Restaurant,51,6.598,Brooklyn Heights,40.69586372,-73.99378225,4a12b724f964a52090771fe3,Park Plaza Diner,40.69779079,-73.99168195,Diner,51,799,Brooklyn Heights,40.69586372,-73.99378225,40788a80f964a5206ef21ee3,Henry Street Ale House,40.699251,-73.992284,Pub,59,7.3100,Brooklyn Heights,40.69586372,-73.99378225,4e851ede8231a2bbfef10e1f,Bevacco,40.69934694,-73.99213689,Italian Restaurant,51,6.7101,Brooklyn Heights,40.69586372,-73.99378225,43655e80f964a52062291fe3,Teresa's Restaurant,40.69523888,-73.99605584,Eastern European Restaurant,49,6.6102,Brooklyn Heights,40.69586372,-73.99378225,49c16439f964a520a4551fe3,O'Keefe's Bar & Grill,40.69206199,-73.99118453,Bar,45,6.2103,Cobble Hill,40.68791972,-73.99856139,4e98cba6b8f77b7a98e870d6,Moo Burger,40.68584458,-73.99422868,Burger Joint,107,8.2104,Cobble Hill,40.68791972,-73.99856139,4ab6d694f964a520407920e3,Henry Public,40.69041286,-73.99641156,Gastropub,186,8.6105,Cobble Hill,40.68791972,-73.99856139,52487385498e8d3af50faac2,The Long Island Bar,40.6906428,-73.9963185,Cocktail Bar,93,8.6106,Cobble Hill,40.68791972,-73.99856139,4cbf097828d176b0a7c6226e,Colonie,40.69073324,-73.99596314,American Restaurant,233,9.2107,Cobble Hill,40.68791972,-73.99856139,51ddd36f498ea2ad70eb9129,Vekslers,40.68534458,-74.00068713,Bar,35,8.1108,Cobble Hill,40.68791972,-73.99856139,51ddd36f498ea2ad70eb9129,Vekslers,40.68534458,-74.00068713,Bar,35,8.1109,Cobble Hill,40.68791972,-73.99856139,4a065aecf964a520ef721fe3,Watty & Meg,40.68556215,-73.99442741,American Restaurant,70,7.3110,Cobble Hill,40.68791972,-73.99856139,5692966d498ea35a37251d26,Mex Carroll's Diner,40.68551032,-74.00250985,Diner,6,7.4111,Cobble Hill,40.68791972,-73.99856139,5692966d498ea35a37251d26,Mex Carroll's Diner,40.68551032,-74.00250985,Diner,6,7.4112,Cobble Hill,40.68791972,-73.99856139,4aecd620f964a520a7cb21e3,Jake's Bar B Que,40.68559685,-74.00240936,BBQ Joint,7,5.2113,Cobble Hill,40.68791972,-73.99856139,4aecd620f964a520a7cb21e3,Jake's Bar B Que,40.68559685,-74.00240936,BBQ Joint,7,5.2114,Carroll Gardens,40.68213189,-74.00037274,4e09bb7dfa767637fd396326,Bar Bruno,40.6835175,-73.99983049,Bar,83,8.2115,Carroll Gardens,40.68213189,-74.00037274,4f615c02e4b015728758e99e,Jalopy Tavern,40.68135444,-74.00461729,Bar,30,8.4116,Carroll Gardens,40.68213189,-74.00037274,58d933702f91cb026f478e38,East One Coffee Roasters,40.68112804,-73.99652634,Coffee Shop,30,9117,Carroll Gardens,40.68213189,-74.00037274,43cd1428f964a520cf2d1fe3,Abilene,40.67885738,-73.99761574,Lounge,95,7.9118,Carroll Gardens,40.68213189,-74.00037274,5adba8f4c0cacb3e62f55a45,Madcap Cafe,40.6801546,-73.99696175,Caf’©,19,6.5119,Carroll Gardens,40.68213189,-74.00037274,4a564295f964a520dfb41fe3,Cobble Hill Coffee Shop,40.68343358,-73.99542633,Diner,37,8120,Red Hook,40.67625323,-74.01275897,4a412995f964a520daa41fe3,Fort Defiance,40.67679024,-74.01354759,American Restaurant,196,8.8121,Red Hook,40.67625323,-74.01275897,5201821b498e3b3d43013e0d,Grindhaus,40.67923457,-74.01067398,American Restaurant,15,8.7122,Red Hook,40.67625323,-74.01275897,4a074634f964a5203b731fe3,Brooklyn Ice House,40.67907998,-74.01090321,Dive Bar,79,8.6123,Red Hook,40.67625323,-74.01275897,5044db54e4b0152f59242b55,The Grill At Fairway Market,40.67415171,-74.01768939,Burger Joint,1,6.3124,Gowanus,40.67393114,-73.99444087,49c7bfecf964a520bb571fe3,Buttermilk Channel,40.67592445,-73.99906984,American Restaurant,360,8.9125,Gowanus,40.67393114,-73.99444087,53d2d280498eb383dd42ac1a,Hard Times Sundaes,40.67365534,-73.99936167,Food Truck,6,8.2126,Gowanus,40.67393114,-73.99444087,49d10b5af964a520545b1fe3,Bar Tano,40.67136259,-73.99103934,Italian Restaurant,49,8127,Gowanus,40.67393114,-73.99444087,52a93a2711d23c836a9cd926,The Roof,40.67479557,-73.98913632,Bar,33,7.2128,Gowanus,40.67393114,-73.99444087,4c5dbf402815c928c8c3b567,Court Street Grocers,40.67628734,-73.998807,Food & Drink Shop,152,9.3129,Fort Greene,40.68852726,-73.97290574,4c848884d8086dcbd4608a52,Brooklyn Public House,40.68953711,-73.9693982,Cocktail Bar,133,8.6130,Fort Greene,40.68852726,-73.97290574,4c848884d8086dcbd4608a52,Brooklyn Public House,40.68953711,-73.9693982,Cocktail Bar,133,8.6131,Fort Greene,40.68852726,-73.97290574,4aa29b03f964a520f44120e3,No. 7,40.685916,-73.97316784,American Restaurant,163,8.5132,Fort Greene,40.68852726,-73.97290574,5250553911d262bb0c732ee8,Cafe Paulette,40.68974308,-73.97579775,French Restaurant,50,8.3133,Fort Greene,40.68852726,-73.97290574,45548f85f964a5200f3d1fe3,Mullane's,40.68716204,-73.97570117,Burger Joint,108,6.4134,Fort Greene,40.68852726,-73.97290574,5674a0d0498e6700e5d5d699,The Quarter,40.68733138,-73.97485337,American Restaurant,19,7135,Fort Greene,40.68852726,-73.97290574,422b9980f964a520d21f1fe3,Maison May,40.68946565,-73.96929148,French Restaurant,52,8.1136,Fort Greene,40.68852726,-73.97290574,422b9980f964a520d21f1fe3,Maison May,40.68946565,-73.96929148,French Restaurant,52,8.1137,Fort Greene,40.68852726,-73.97290574,5afcb616356b49002c4c1811,Fulton Hall,40.687848,-73.97854208,Bar,5,7138,Fort Greene,40.68852726,-73.97290574,5afcb616356b49002c4c1811,Fulton Hall,40.687848,-73.97854208,Bar,5,7139,Fort Greene,40.68852726,-73.97290574,4ca6342076d3a093b22fff6a,Mo's Fort Greene,40.68708679,-73.97468663,Bar,60,7.5140,Fort Greene,40.68852726,-73.97290574,4bcdd52e937ca593495fad92,Mega Bites Diner,40.68953188,-73.96943653,Diner,15,5.9141,Fort Greene,40.68852726,-73.97290574,4bcdd52e937ca593495fad92,Mega Bites Diner,40.68953188,-73.96943653,Diner,15,5.9142,Park Slope,40.67232052,-73.9770503,4e24820a88774a43b788390d,Bareburger,40.6718999,-73.97762026,Burger Joint,90,8.6143,Park Slope,40.67232052,-73.9770503,540ce9d0498e8ef1a0ad6a85,Burger Village,40.67034767,-73.9787536,Burger Joint,22,7.8144,Park Slope,40.67232052,-73.9770503,5579bd50498e191d31ad8270,Brooklyn Burgers & Beer,40.67450404,-73.98181864,Burger Joint,30,8.2145,Park Slope,40.67232052,-73.9770503,4e45bca962845e1d3c88924e,Kiwiana,40.67455921,-73.97574156,American Restaurant,63,8146,Park Slope,40.67232052,-73.9770503,49c86272f964a52019581fe3,Bonnie's Grill,40.67431661,-73.98218183,Burger Joint,100,7.8147,Park Slope,40.67232052,-73.9770503,59ce97225315937fce26cef1,Bar Basic,40.67524142,-73.97494976,Burger Joint,15,7148,Park Slope,40.67232052,-73.9770503,4bd4dcf5cfa7b713ce0a25da,Grand Canyon Diner,40.67150617,-73.97775755,Diner,18,6149,Park Slope,40.67232052,-73.9770503,3fd66200f964a520fce81ee3,Park Slope Ale House,40.67053111,-73.98193671,Pub,47,7.2150,Flatlands,40.63044604,-73.92911303,5756a622498e08c7751959dd,Wendy's,40.6336,-73.92812,Burger Joint,2,6.4151,Manhattan Beach,40.5779135,-73.94353723,5720f2ed498e7499aafa92ac,Chillax Manhattan Beach Cafe,40.578697,-73.938004,Caf’©,4,6.9152,Bath Beach,40.5995187,-73.99875221,552c2d5a498e6e675f548cc8,Five Guys,40.59528911,-73.9999767,Burger Joint,7,8.3153,Bath Beach,40.5995187,-73.99875221,521a7e8a498e9a3defc15591,Casa Edesia Pizza and Grill,40.60002969,-74.00259173,Italian Restaurant,5,7.3154,Bath Beach,40.5995187,-73.99875221,4b102c53f964a520926a23e3,Burger King,40.60215725,-73.99456394,Fast Food Restaurant,5,6.5155,Bath Beach,40.5995187,-73.99875221,4ba7bfbbf964a520d8af39e3,Wendy's,40.59547534,-74.00020212,Burger Joint,26,6.3156,Dyker Heights,40.61921946,-74.01931376,5792ab2e498e1f75f8d0ac24,BurgerFi,40.61880988,-74.02133452,Burger Joint,8,7.4157,Dyker Heights,40.61921946,-74.01931376,4bafb531f964a5209f193ce3,Nathan's Famous,40.61849353,-74.02185465,Hot Dog Joint,13,7158,Gerritsen Beach,40.59084843,-73.93010171,4a4e253df964a52027ae1fe3,TGI Fridays,40.58689754,-73.92893449,American Restaurant,43,6159,Clinton Hill,40.69322942,-73.96784306,510193528302126a99141178,Putnam's Pub & Cooker,40.6932092,-73.96900829,Pub,103,8.4160,Clinton Hill,40.69322942,-73.96784306,54d4d008498e254c1e68dee4,Bar Bolinas,40.69334103,-73.96724479,Restaurant,41,8.7161,Clinton Hill,40.69322942,-73.96784306,4fe4a0b0e4b02bd5c5dd3e2e,Mark's Gourmet Burgers,40.6932596,-73.96787612,Burger Joint,7,6.6162,Clinton Hill,40.69322942,-73.96784306,4eda54ed5c5c96a2fe2886c8,Energy Fuel,40.69317625,-73.97039495,Juice Bar,14,7.6163,Clinton Hill,40.69322942,-73.96784306,5025b0a3e4b0e4d95f9f9017,Burger UrWay,40.69318617,-73.97207987,Burger Joint,8,6.3164,Clinton Hill,40.69322942,-73.96784306,4b083bbaf964a520ee0623e3,Johns Donuts and Coffee Shop,40.69349212,-73.96599396,Diner,17,7.6165,Clinton Hill,40.69322942,-73.96784306,433f2300f964a52050281fe3,Mike's Coffee Shop,40.68978512,-73.96538115,Diner,83,8.6166,Clinton Hill,40.69322942,-73.96784306,55dfb656498e758dc3f5e3c4,Gentleman Farmer Fort Greene,40.69322908,-73.97102275,Restaurant,13,7.7167,Downtown,40.69084402,-73.98346337,4eeb4c51775b1d4812e0261c,Shake Shack,40.69212698,-73.98865815,Burger Joint,240,8.9168,Downtown,40.69084402,-73.98346337,4ded556745dd3aa41d634703,Smashburger,40.68978407,-73.97961795,Burger Joint,73,7.6169,Downtown,40.69084402,-73.98346337,4ded556745dd3aa41d634703,Smashburger,40.68978407,-73.97961795,Burger Joint,73,7.6170,Downtown,40.69084402,-73.98346337,4dcc0c3052b17cba4fb62352,Five Guys,40.69367613,-73.98608686,Burger Joint,37,7.9171,Downtown,40.69084402,-73.98346337,59681d5b8b98fd6fb9b4dbb6,Hard Times Sundaes,40.691261,-73.98259,Burger Joint,3,7.7172,Downtown,40.69084402,-73.98346337,59681d5b8b98fd6fb9b4dbb6,Hard Times Sundaes,40.691261,-73.98259,Burger Joint,3,7.7173,Downtown,40.69084402,-73.98346337,3fd66200f964a5207cf11ee3,Junior's Restaurant,40.69001145,-73.98173375,Diner,358,8.5174,Downtown,40.69084402,-73.98346337,3fd66200f964a5207cf11ee3,Junior's Restaurant,40.69001145,-73.98173375,Diner,358,8.5175,Downtown,40.69084402,-73.98346337,4b5e4c9df964a520648829e3,Mile End Delicatessen,40.687549,-73.987018,Sandwich Place,310,8.9176,Downtown,40.69084402,-73.98346337,4b5e4c9df964a520648829e3,Mile End Delicatessen,40.687549,-73.987018,Sandwich Place,310,8.9177,Downtown,40.69084402,-73.98346337,595e8c08e2da196c103e7a9e,Andrew's Classic Roadside Hamburgers,40.69106042,-73.98290772,Burger Joint,4,6.3178,Downtown,40.69084402,-73.98346337,595e8c08e2da196c103e7a9e,Andrew's Classic Roadside Hamburgers,40.69106042,-73.98290772,Burger Joint,4,6.3179,Downtown,40.69084402,-73.98346337,4b5cceabf964a520074529e3,New Apollo Diner,40.69050855,-73.98785797,Diner,41,7.3180,Downtown,40.69084402,-73.98346337,4a2b1f53f964a520a5961fe3,Dallas BBQ,40.69014069,-73.98686566,BBQ Joint,72,6.3181,Downtown,40.69084402,-73.98346337,4a2b1f53f964a520a5961fe3,Dallas BBQ,40.69014069,-73.98686566,BBQ Joint,72,6.3182,Downtown,40.69084402,-73.98346337,4a522e5df964a52055b11fe3,Luciano's,40.69398566,-73.98542137,Italian Restaurant,19,7.5183,Downtown,40.69084402,-73.98346337,55f8a162498e17705afff914,Kimoto Rooftop,40.6915468,-73.98447184,Bar,20,6.1184,Downtown,40.69084402,-73.98346337,55f8a162498e17705afff914,Kimoto Rooftop,40.6915468,-73.98447184,Bar,20,6.1185,Downtown,40.69084402,-73.98346337,505f4949e4b081c354dbd562,Dining Room,40.692119,-73.986621,Bar,13,5.6186,Downtown,40.69084402,-73.98346337,4a799b0ff964a52039e71fe3,Au Bon Pain,40.69372085,-73.98655951,Bakery,23,6.4187,Downtown,40.69084402,-73.98346337,4b9d7908f964a5200caf36e3,Burger King,40.6920532,-73.9883598,Fast Food Restaurant,21,4.7188,Boerum Hill,40.68724138,-73.98357725,49ba5f96f964a52060531fe3,Building on Bond,40.68650187,-73.98515046,American Restaurant,219,8.2189,Boerum Hill,40.68724138,-73.98357725,5a7200d997461724ba963ae5,Next Level Burger,40.68620708,-73.97875159,Burger Joint,9,7.5190,Boerum Hill,40.68724138,-73.98357725,50417842e4b00690ba49d83a,Hollow Nickel,40.68577927,-73.98187953,Bar,47,7.7191,Boerum Hill,40.68724138,-73.98357725,530931a5498e4079544a5f13,French Louie,40.68805616,-73.98815886,French Restaurant,112,9192,Boerum Hill,40.68724138,-73.98357725,52111ce111d2e6fde814bcf2,St. Gambrinus Beer Shoppe,40.68502865,-73.97987253,Bar,49,9193,Prospect Lefferts Gardens,40.65842002,-73.95489867,58028f8cd67c0471adf82c7e,Salem's Hour,40.66064409,-73.95064813,Caf’©,12,6.9194,City Line,40.67856996,-73.86797598,52e9007011d2656b10d84297,Checkers,40.67859376,-73.86683598,Burger Joint,2,6.3195,Prospect Park South,40.6470086,-73.96261317,52dea0a0498e9813e3da908e,Checkers,40.6496179,-73.9629977,Burger Joint,2,6.6196,Georgetown,40.62384524,-73.91607484,59e7a81264c8e16a71f8febd,Five Guys,40.626714,-73.9170613,Burger Joint,0,7.4197,Georgetown,40.62384524,-73.91607484,4bb8ca6298c7ef3b0f683102,Vikki's Restaurant,40.61957159,-73.91750662,Breakfast Spot,7,5.6198,Spring Creek,40.65713928,-73.86998779,5511d363498e21440e7e95d5,Smashburger,40.6536348,-73.87155129,Burger Joint,13,8.2199,Spring Creek,40.65713928,-73.86998779,53c40d73498ec6e4bf38e720,Applebee's Grill + Bar,40.65402971,-73.87383153,American Restaurant,21,6.4200,East Williamsburg,40.70849241,-73.93885815,4d673f06ae912d4396048f09,The Anchored Inn,40.70924279,-73.93718161,Dive Bar,70,8.6201,East Williamsburg,40.70849241,-73.93885815,506cbae0e4b09691a78181ab,Sweet Science,40.70648559,-73.9430374,Bar,82,7.8202,East Williamsburg,40.70849241,-73.93885815,4f50044ae4b03fbe28b12990,Tradesman,40.7081919,-73.93995957,Bar,48,8.4203,North Side,40.71482291,-73.95880858,588cf4548b0ebb5d015a5964,Juanchi's Burger,40.71294744,-73.9589077,Burger Joint,18,8204,North Side,40.71482291,-73.95880858,49c3df11f964a52081561fe3,Walter Foods,40.71344352,-73.95858181,American Restaurant,249,9.1205,North Side,40.71482291,-73.95880858,439308daf964a520712b1fe3,DuMont Burger,40.71361911,-73.96191391,Burger Joint,228,8.1206,North Side,40.71482291,-73.95880858,4bd254bd77b29c743da18e82,The Commodore,40.71408593,-73.95581669,American Restaurant,325,8.7207,North Side,40.71482291,-73.95880858,5b05c761e7a2370039b6f1ff,Shake Shack,40.71737257,-73.96049213,Burger Joint,2,8.6208,North Side,40.71482291,-73.95880858,4554c3b0f964a520113d1fe3,Juliette,40.71690817,-73.95909652,French Restaurant,269,8.6209,North Side,40.71482291,-73.95880858,55f86e40498ed2f3a2e9fb1a,Quinoa Kitchen,40.71408754,-73.96159172,Burger Joint,9,7.2210,North Side,40.71482291,-73.95880858,3fd66200f964a52069eb1ee3,Sweetwater Restaurant,40.71836742,-73.95999991,Gastropub,124,8.7211,North Side,40.71482291,-73.95880858,570139a9498e16178005c729,Emmy Squared,40.712166,-73.955705,Pizza Place,164,9.3212,North Side,40.71482291,-73.95880858,47de3aebf964a5203a4e1fe3,Rabbithole,40.71225821,-73.96279643,American Restaurant,216,8.9213,North Side,40.71482291,-73.95880858,4d06ef317d9ba35d4ad37223,Juniper,40.71882498,-73.95875722,American Restaurant,64,8214,North Side,40.71482291,-73.95880858,4be5bbe8d4f7c9b6b9d52520,St. Anselm,40.71414471,-73.95598406,American Restaurant,288,9.3215,North Side,40.71482291,-73.95880858,570c6629498e7ab0b8796332,MIDNIGHTS,40.71740674,-73.95839832,Bar,15,8.4216,North Side,40.71482291,-73.95880858,448acb74f964a52048341fe3,Pies 'n' Thighs,40.71124791,-73.96144509,Fried Chicken Joint,554,8.9217,North Side,40.71482291,-73.95880858,4d1829fae190721e1b3f2021,Crif Dogs,40.71699803,-73.95647564,Hot Dog Joint,211,8.5218,North Side,40.71482291,-73.95880858,5aea243ec0af57002c200d68,Clinton Hall,40.71505295,-73.95921531,Restaurant,6,7219,North Side,40.71482291,-73.95880858,4262f880f964a52025211fe3,Teddy's Bar & Grill,40.7192048,-73.95843053,Pub,117,7.3220,North Side,40.71482291,-73.95880858,4581734ff964a520653f1fe3,Surf Bar,40.71763629,-73.9587139,Seafood Restaurant,156,7.7221,North Side,40.71482291,-73.95880858,44ce1e0df964a52017361fe3,Egg,40.71665027,-73.96172307,Breakfast Spot,380,8.6222,North Side,40.71482291,-73.95880858,429ba900f964a5209d241fe3,Snacky,40.71431801,-73.96084675,Asian Restaurant,62,8.3223,North Side,40.71482291,-73.95880858,4e4ea8b5aeb70f12849528ed,St. Mazie,40.71244618,-73.95595408,Cocktail Bar,143,9.3224,North Side,40.71482291,-73.95880858,5533caee498e93216b39b818,Abracadabra Brooklyn,40.71203007,-73.96290598,Breakfast Spot,28,8.4225,North Side,40.71482291,-73.95880858,4197f180f964a520151e1fe3,Fabiane's,40.71673083,-73.9589392,Caf’©,103,7.6